<Ui xmlns="http://www.blizzard.com/wow/ui/" xmlns:xsi="http://www.w3.org/2001/XMLSchema-instance" xsi:schemaLocation="http://www.blizzard.com/wow/ui/
..\FrameXML\UI.xsd">
	<Frame name="SpecMenuOptionsFrame" hidden="true">
		<Layers>
			<Layer level="ARTWORK">
				<FontString inherits="GameFontNormalLarge" text="Spec Menu Settings">
					<Anchors>
						<Anchor point="TOPLEFT">
							<Offset>
								<AbsDimension x="15" y="-15"/>
							</Offset>
						</Anchor>
					</Anchors>
				</FontString>
			</Layer>
		</Layers>
		<Frames>
		</Frames>
		<Scripts>
			<OnLoad>
				SpecMenu_OptionsPanelOnLoad(self);
			</OnLoad>
		</Scripts>
	</Frame>
</Ui>
